Pollutant:,CO,Unit: grams,,,,,,,,,,,,,,,,,,,,,,,,,,,,,,,,,,
,2015.0,2016.0,2017.0,2018.0,2019.0,2020.0,2021.0,2022.0,2023.0,2024.0,2025.0,2026.0,2027.0,2028.0,2029.0,2030.0,2031.0,2032.0,2033.0,2034.0,2035.0,2036.0,2037.0,2038.0,2039.0,2040.0,2041.0,2042.0,2043.0,2044.0,2045.0,2046.0,2047.0,2048.0,2049.0,2050.0
agriculture and forestry 01T03,0.0,0.0,0.0,0.0,0.0,68304.09356725146,68771.9298245614,69243.10776942357,73224.84689413823,74766.79567778567,75557.14895168111,76174.37747457398,76773.35876379319,77312.50496848112,77912.34518730053,78494.09509856535,78357.40874624396,78404.58016925522,78070.47548023237,77926.22478174388,77761.15187576268,77695.40159209486,77607.04974384255,77611.40068937323,77611.38875058679,77606.31178143568,77578.36563362074,77690.61931072922,77769.33118701346,77885.59652652107,78092.6959098314,78755.94611186376,79432.55562289117,80127.09010920145,80726.63136897693,81343.88310959731
coal mining 05,0.0,0.0,0.0,0.0,0.0,0.0,0.0,0.0,0.0,0.0,0.0,0.0,0.0,0.0,0.0,0.0,0.0,0.0,0.0,0.0,0.0,0.0,0.0,0.0,0.0,0.0,0.0,0.0,0.0,0.0,0.0,0.0,0.0,0.0,0.0,0.0
oil and gas extraction 06,0.0,0.0,0.0,0.0,0.0,0.0,0.0,0.0,0.0,0.0,0.0,0.0,0.0,0.0,0.0,0.0,0.0,0.0,0.0,0.0,0.0,0.0,0.0,0.0,0.0,0.0,0.0,0.0,0.0,0.0,0.0,0.0,0.0,0.0,0.0,0.0
other mining and quarrying 07T08,0.0,0.0,0.0,0.0,0.0,0.0,0.0,0.0,0.0,0.0,0.0,0.0,0.0,0.0,0.0,0.0,0.0,0.0,0.0,0.0,0.0,0.0,0.0,0.0,0.0,0.0,0.0,0.0,0.0,0.0,0.0,0.0,0.0,0.0,0.0,0.0
food beverage and tobacco 10T12,0.0,0.0,0.0,0.0,0.0,0.0,0.0,0.0,0.0,0.0,0.0,0.0,0.0,0.0,0.0,0.0,0.0,0.0,0.0,0.0,0.0,0.0,0.0,0.0,0.0,0.0,0.0,0.0,0.0,0.0,0.0,0.0,0.0,0.0,0.0,0.0
textiles apparel and leather 13T15,0.0,0.0,0.0,0.0,0.0,0.0,0.0,0.0,0.0,0.0,0.0,0.0,0.0,0.0,0.0,0.0,0.0,0.0,0.0,0.0,0.0,0.0,0.0,0.0,0.0,0.0,0.0,0.0,0.0,0.0,0.0,0.0,0.0,0.0,0.0,0.0
wood products 16,0.0,0.0,0.0,0.0,0.0,0.0,0.0,0.0,0.0,0.0,0.0,0.0,0.0,0.0,0.0,0.0,0.0,0.0,0.0,0.0,0.0,0.0,0.0,0.0,0.0,0.0,0.0,0.0,0.0,0.0,0.0,0.0,0.0,0.0,0.0,0.0
pulp paper and printing 17T18,0.0,0.0,0.0,0.0,0.0,4237850397.6670203,4298815473.6656065,4554477088.002517,4719613878.531984,4672079597.610698,4668097614.290881,4686095859.717056,4682391448.803739,4701996951.757871,4734159600.898187,4758350698.092733,4805914005.884006,4851865276.487248,4879439756.974777,4914791596.166867,4948754384.942368,4958710127.233238,4977490015.037846,5025514163.7100725,5028149719.465831,5074066013.642554,5138224478.260508,5187098442.375337,5223989991.193851,5243840505.744569,5260434958.139074,5278745075.522987,5277749960.531604,5285389104.443049,5300024593.913491,5317491825.624301
refined petroleum and coke 19,0.0,0.0,0.0,0.0,0.0,26235136.33318446,26309986.9361322,26391298.134911772,24412336.725360166,31941508.27215829,33567491.88927065,35468619.288228996,36932678.85208672,36691025.30048462,35919577.03927719,35716552.931068145,35212761.8776979,36110707.52965293,36315143.58841186,36254267.0187277,36894774.87939582,36956828.58012318,37383768.39157002,36972893.34316571,37001448.24514389,37066531.01599826,36694669.75531539,37030274.38709947,36876562.82342262,37120684.91013832,37237280.26358788,39972184.54770009,39953763.93062385,38250041.69542358,37210429.338173196,37587988.735161744
chemicals 20,0.0,0.0,0.0,0.0,0.0,4134784125.675189,3296967311.805533,3103558336.4129314,3376465040.1775036,3725567619.78536,3359553271.467277,3106680730.236526,3218834853.0242248,3345133895.163725,3471648850.9554653,3587060038.7818766,3670168969.9938374,3750868549.1537166,3863201373.099196,3954189392.85421,4034053701.346007,4141509099.3258634,4244481229.4885035,4327679457.934962,4386510361.434007,4456443351.677483,4530707819.466321,4673952060.778777,4817839577.766863,4927905860.859946,5052346258.905422,5110064607.100535,5133424795.874129,5155142263.393954,5234378553.090552,5336157830.402247
rubber and plastic products 22,0.0,0.0,0.0,0.0,0.0,0.0,0.0,0.0,0.0,0.0,0.0,0.0,0.0,0.0,0.0,0.0,0.0,0.0,0.0,0.0,0.0,0.0,0.0,0.0,0.0,0.0,0.0,0.0,0.0,0.0,0.0,0.0,0.0,0.0,0.0,0.0
glass and glass products 231,0.0,0.0,0.0,0.0,0.0,0.0,0.0,0.0,0.0,0.0,0.0,0.0,0.0,0.0,0.0,0.0,0.0,0.0,0.0,0.0,0.0,0.0,0.0,0.0,0.0,0.0,0.0,0.0,0.0,0.0,0.0,0.0,0.0,0.0,0.0,0.0
cement and other nonmetallic minerals 239,0.0,0.0,0.0,0.0,0.0,7375751937.411713,7718435245.028795,7359769250.0,7672097212.2408695,8728741658.047077,7944049841.932136,7354421778.05968,6989208338.740906,6691245738.993386,6601460901.509158,6499541946.991495,6408660775.971814,6326908543.986954,5248948577.300714,5048294849.8710375,4825229772.551961,4612396607.180341,4480083438.854387,4367997666.480648,4186733019.900554,4069987541.2870646,3943182994.1259036,3833829877.6014295,3751810747.729398,3691090210.893667,3595798547.9638314,3534639299.4206004,3479766051.0706377,3421326706.1917305,3379985764.405879,3349212284.498061
iron and steel 241,0.0,0.0,0.0,0.0,0.0,2806533175.443701,2838924288.041897,3348731262.979301,3259736482.634338,3160030114.480089,2948952203.064501,2653037557.8208423,2542556470.544444,2577855905.1609163,2586225541.007217,2556372717.5216093,2501235494.553421,2408291521.0800023,2408336425.5755515,2449289743.6653337,2460552000.13979,2486404491.3927016,2513824228.543311,2537335055.466295,2567819490.98631,2589665753.157776,2597253437.0743732,2622992399.278456,2671323684.2992654,2699261286.6846986,2707739620.4630504,2699789405.539835,2668097327.319586,2631551253.3086305,2633044393.144569,2657676156.379507
other metals 242,0.0,0.0,0.0,0.0,0.0,2884260248.803828,2972278889.4205213,3013740746.0732985,3273663290.6458797,3383050816.8922443,3345521663.297592,3330639359.6078186,3403323572.813811,3526990990.9171143,3628412649.382447,3714116220.3306713,3763206325.519098,3770912265.9525294,3768800909.7247605,3778178949.101239,3801237824.555484,3837081842.5694084,3875845521.121219,3906026262.9249825,3928393070.840264,3967329096.8974123,3997040361.3184037,4020264496.1619987,4058331230.597488,4098388414.8138447,4118430681.216897,4125055599.4748297,4130239516.3135037,4140156409.9212584,4150642799.8496203,4149609387.621217
metal products except machinery and vehicles 25,0.0,0.0,0.0,0.0,0.0,0.0,0.0,0.0,0.0,0.0,0.0,0.0,0.0,0.0,0.0,0.0,0.0,0.0,0.0,0.0,0.0,0.0,0.0,0.0,0.0,0.0,0.0,0.0,0.0,0.0,0.0,0.0,0.0,0.0,0.0,0.0
computers and electronics 26,0.0,0.0,0.0,0.0,0.0,0.0,0.0,0.0,0.0,0.0,0.0,0.0,0.0,0.0,0.0,0.0,0.0,0.0,0.0,0.0,0.0,0.0,0.0,0.0,0.0,0.0,0.0,0.0,0.0,0.0,0.0,0.0,0.0,0.0,0.0,0.0
appliances and electrical equipment 27,0.0,0.0,0.0,0.0,0.0,0.0,0.0,0.0,0.0,0.0,0.0,0.0,0.0,0.0,0.0,0.0,0.0,0.0,0.0,0.0,0.0,0.0,0.0,0.0,0.0,0.0,0.0,0.0,0.0,0.0,0.0,0.0,0.0,0.0,0.0,0.0
other machinery 28,0.0,0.0,0.0,0.0,0.0,0.0,0.0,0.0,0.0,0.0,0.0,0.0,0.0,0.0,0.0,0.0,0.0,0.0,0.0,0.0,0.0,0.0,0.0,0.0,0.0,0.0,0.0,0.0,0.0,0.0,0.0,0.0,0.0,0.0,0.0,0.0
road vehicles 29,0.0,0.0,0.0,0.0,0.0,0.0,0.0,0.0,0.0,0.0,0.0,0.0,0.0,0.0,0.0,0.0,0.0,0.0,0.0,0.0,0.0,0.0,0.0,0.0,0.0,0.0,0.0,0.0,0.0,0.0,0.0,0.0,0.0,0.0,0.0,0.0
nonroad vehicles 30,0.0,0.0,0.0,0.0,0.0,0.0,0.0,0.0,0.0,0.0,0.0,0.0,0.0,0.0,0.0,0.0,0.0,0.0,0.0,0.0,0.0,0.0,0.0,0.0,0.0,0.0,0.0,0.0,0.0,0.0,0.0,0.0,0.0,0.0,0.0,0.0
other manufacturing 31T33,0.0,0.0,0.0,0.0,0.0,475847106.80529296,479806103.0245747,521716977.2690975,567233286.0306396,558000522.2863612,542904858.7397935,535222958.4289744,534091638.6102998,536014791.25609636,544039806.2699931,553881613.7595956,563475099.7111295,579640956.9276608,593499095.3363266,607843726.564759,620075750.3942094,627455348.2145805,636860335.2967547,650669127.8065794,659177717.9839176,671906768.7855766,684338488.8610891,694840472.0924323,703164611.4241607,711365933.1601948,720884592.7311277,737269401.5448099,747519613.3893995,756421792.011442,766177432.4610853,776215149.5388179
energy pipelines and gas processing 352T353,0.0,0.0,0.0,0.0,0.0,32337807.435653005,32214074.35653003,37167680.247322515,40642364.46886447,46674496.89297713,47539222.06228243,47809920.334147185,50941785.952326395,54876716.263035014,55493036.74299464,56381438.30463814,55728027.98590897,54570758.904835284,52613348.3808296,51301531.69582116,50767134.46610202,50715209.85470803,50758547.18655283,50133007.58238353,50360920.99012255,50117813.95038872,49603924.40425141,49556396.64126259,49838051.53707589,50079676.71750751,50352003.60665209,50521531.694738284,50185683.62184333,49977418.77238055,50224834.953105785,50785772.39089498
water and waste 36T39,0.0,0.0,0.0,0.0,0.0,0.0,0.0,0.0,0.0,0.0,0.0,0.0,0.0,0.0,0.0,0.0,0.0,0.0,0.0,0.0,0.0,0.0,0.0,0.0,0.0,0.0,0.0,0.0,0.0,0.0,0.0,0.0,0.0,0.0,0.0,0.0
construction 41T43,0.0,0.0,0.0,0.0,0.0,0.0,0.0,0.0,0.0,0.0,0.0,0.0,0.0,0.0,0.0,0.0,0.0,0.0,0.0,0.0,0.0,0.0,0.0,0.0,0.0,0.0,0.0,0.0,0.0,0.0,0.0,0.0,0.0,0.0,0.0,0.0
